<?xml version="1.0" encoding="UTF-8"?>
<!--
   Copyright (c) 2015, WSO2 Inc. (http://www.wso2.org) All Rights Reserved.
   WSO2 Inc. licenses this file to you under the Apache License,
   Version 2.0 (the "License"); you may not use this file except
   in compliance with the License.
   You may obtain a copy of the License at

   http://www.apache.org/licenses/LICENSE-2.0

   Unless required by applicable law or agreed to in writing,
   software distributed under the License is distributed on an
   "AS IS" BASIS, WITHOUT WARRANTIES OR CONDITIONS OF ANY
   KIND, either express or implied.  See the License for the
   specific language governing permissions and limitations
   under the License.
-->

<template xmlns="http://ws.apache.org/ns/synapse" name="getListsMemberships">
    <parameter name="userID" description="The ID of the user for whom to return results for." />
    <parameter name="screenName" description="The screen name of the user for whom to return results for."/>
    <parameter name="cursor" description="The response from the API will include a previous_cursor and next_cursor to allow paging back and forth"/>
    <parameter name="count" description="The number of users to return per page, up to a maximum of 200. Defaults to 20." />
    <parameter name="filterToOwnedLists " description="When set to either true, t or 1 statuses will not be included in the returned user objects."/>
    <sequence>

        <class name="org.wso2.carbon.connector.twitter.RemoveTwitterContext"/>

        <property name="uri.var.screenName" expression="$func:screenName" />
        <property name="uri.var.userID" expression="$func:userID" />
        <property name="uri.var.cursor" expression="$func:cursor" />
        <property name="uni.var.count" expression="$func:count" />
        <property name="uri.var.filterToOwnedLists" expression="$func:filterToOwnedLists" />

        <script language="js">
            <![CDATA[
				// optional url param variables
				var screenName = mc.getProperty('uri.var.screenName');
				var userID = mc.getProperty('uri.var.userID');
				var cursor  = mc.getProperty('uri.var.cursor');
				var count  = mc.getProperty('uni.var.count');
			    var filterToOwnedLists  = mc.getProperty('uri.var.filterToOwnedLists');

				var uriParams = '';

				if (screenName != null && screenName != "") {
					uriParams = 'screen_name=' + screenName + '&';
					screenName = 'screen_name=' + encodeURIComponent(screenName);
					mc.setProperty('uri.var.screenName', screenName)
				}
				if (userID != null && userID != "") {
					uriParams += 'user_id=' + userID + '&';
					userID = 'user_id=' + encodeURIComponent(userID);
					mc.setProperty('uri.var.userID', userID)
				}
				if (cursor != null && cursor != "") {
					uriParams += 'cursor=' + cursor + '&';
					cursor = 'cursor=' + encodeURIComponent(cursor);
					mc.setProperty('uri.var.cursor', cursor)
				}
				if (count != null && count != "") {
					uriParams += 'count=' + count + '&';
					count = 'count=' + encodeURIComponent(count);
					mc.setProperty('uri.var.count', count)
				}
				if (filterToOwnedLists != null && filterToOwnedLists != "") {
					uriParams += 'filter_to_owned_lists=' + filterToOwnedLists + '&';
					filterToOwnedLists = 'filter_to_owned_lists=' + encodeURIComponent(filterToOwnedLists);
					mc.setProperty('uri.var.filterToOwnedLists', filterToOwnedLists)
				}

				if(uriParams != ''){
					mc.setProperty('uri.var.uriParams' , uriParams.substring(0, uriParams.length-1));
				}
			]]>
        </script>

        <property name="uri.var.apiUrl.final"
                  expression="fn:concat(get-property('uri.var.apiUrl'),'/1.1/lists/memberships.json')"/>

        <property name="uri.var.httpMethod"
                  value="GET"/>

        <class name="org.wso2.carbon.connector.twitter.TwitterSignatureGeneration"/>

        <header name="Authorization" expression="get-property('uri.var.signature')"
                scope="transport"/>

        <call>
            <endpoint>
                <http method="get"
                      uri-template="legacy-encoding:{uri.var.apiUrl}/1.1/lists/memberships.json?{uri.var.uriParams}"/>
            </endpoint>
        </call>

        <!-- Remove custom header information in response -->
        <header name="x-access-level" scope="transport" action="remove"/>
        <header name="x-twitter-response-tags" scope="transport" action="remove"/>
        <header name="x-transaction" scope="transport" action="remove"/>
        <header name="x-response-time" scope="transport" action="remove"/>
        <header name="x-connection-hash" scope="transport" action="remove"/>
        <header name="x-content-type-options" scope="transport" action="remove"/>
        <header name="x-frame-options" scope="transport" action="remove"/>
        <header name="x-rate-limit-limit" scope="transport" action="remove"/>
        <header name="x-rate-limit-remaining" scope="transport" action="remove"/>
        <header name="x-rate-limit-reset" scope="transport" action="remove"/>
        <header name="x-xss-protection" scope="transport" action="remove"/>

    </sequence>
</template>