<?xml version="1.0" encoding="UTF-8"?>
<!--
   Copyright (c) 2015, WSO2 Inc. (http://www.wso2.org) All Rights Reserved.
   WSO2 Inc. licenses this file to you under the Apache License,
   Version 2.0 (the "License"); you may not use this file except
   in compliance with the License.
   You may obtain a copy of the License at

   http://www.apache.org/licenses/LICENSE-2.0

   Unless required by applicable law or agreed to in writing,
   software distributed under the License is distributed on an
   "AS IS" BASIS, WITHOUT WARRANTIES OR CONDITIONS OF ANY
   KIND, either express or implied.  See the License for the
   specific language governing permissions and limitations
   under the License.
-->

<component name="twitter-users" type="synapse/template">
    <subComponents>
        <component name="getUsersLookup">
            <file>getUsersLookup.xml</file>
            <description>Returns fully-hydrated user objects for up to 100 users per request, as specified by
                comma-separated values passed to the user_id and/or screen_name parameters.
            </description>
        </component>
        <component name="getUsersShow">
            <file>getUsersShow.xml</file>
            <description>Returns a variety of information about the user specified by the required user_id or
                screen_name parameter. The author’s most recent Tweet will be returned inline when possible.
            </description>
        </component>
        <component name="createMutesUsers">
            <file>createMutesUsers.xml</file>
            <description>Mutes the user specified in the ID parameter for the authenticating user.
                Returns the muted user in the requested format when successful. Returns a string describing the failure
                condition when unsuccessful.
                Actions taken in this method are asynchronous and changes will be eventually consistent.
            </description>
        </component>
        <component name="destroyMutesUsers">
            <file>destroyMutesUsers.xml</file>
            <description>Un-mutes the user specified in the ID parameter for the authenticating user.
                Returns the unmuted user in the requested format when successful. Returns a string describing the
                failure condition when unsuccessful.
                Actions taken in this method are asynchronous and changes will be eventually consistent.
            </description>
        </component>
        <component name="getMutesUsersIds">
            <file>getMutesUsersIds.xml</file>
            <description>Returns an array of numeric user ids the authenticating user has muted.</description>
        </component>
        <component name="getMutesUsersList">
            <file>getMutesUsersList.xml</file>
            <description>Returns an array of user objects the authenticating user has muted.</description>
        </component>
        <component name="getUsersSuggestions">
            <file>getUsersSuggestions.xml</file>
            <description>Access to Twitter’s suggested user list. This returns the list of suggested user categories.
                The category can be used in GET users / suggestions / :slug to get the users in that category.
            </description>
        </component>
    </subComponents>
</component>
