<?xml version="1.0" encoding="UTF-8"?>
<!--
   Copyright (c) 2015, WSO2 Inc. (http://www.wso2.org) All Rights Reserved.
   WSO2 Inc. licenses this file to you under the Apache License,
   Version 2.0 (the "License"); you may not use this file except
   in compliance with the License.
   You may obtain a copy of the License at

   http://www.apache.org/licenses/LICENSE-2.0

   Unless required by applicable law or agreed to in writing,
   software distributed under the License is distributed on an
   "AS IS" BASIS, WITHOUT WARRANTIES OR CONDITIONS OF ANY
   KIND, either express or implied.  See the License for the
   specific language governing permissions and limitations
   under the License.
-->

<component name="twitter-statuses" type="synapse/template">
    <subComponents>
        <component name="getStatusesMentionsTimeline">
            <file>getStatusesMentionsTimeline.xml</file>
            <description>Returns a collection of the most recent Tweets and retweets posted by the authenticating user
                and the users they follow. The home timeline is central to how most users interact with the Twitter
                service.
            </description>
        </component>
        <component name="getStatusesUserTimeline">
            <file>getStatusesUserTimeline.xml</file>
            <description>Returns a collection of the most recent Tweets posted by the user indicated by the screen_name
                or user_id parameters.
            </description>
        </component>
        <component name="getStatusesHomeTimeline">
            <file>getStatusesHomeTimeline.xml</file>
            <description>Returns the 20 most recent mentions (tweets containing a users’s @screen_name) for the
                authenticating user.
                The timeline returned is the equivalent of the one seen when you view your mentions on twitter.com.
                This method can only return up to 800 tweets.
            </description>
        </component>
        <component name="getStatusesRetweetsOfMe">
            <file>getStatusesRetweetsOfMe.xml</file>
            <description>Returns the most recent tweets authored by the authenticating user that have been retweeted by
                others. This timeline is a subset of the user’s GET statuses / user_timeline.
            </description>
        </component>
        <component name="getStatusesLookup">
            <file>getStatusesLookup.xml</file>
            <description>Returns fully-hydrated tweet objects for up to 100 tweets per request, as specified by
                comma-separated values passed to the id parameter.
                This method is especially useful to get the details (hydrate) a collection of Tweet IDs.
            </description>
        </component>
    </subComponents>
</component>
