<?xml version="1.0" encoding="UTF-8"?>
<!--
   Copyright (c) 2015, WSO2 Inc. (http://www.wso2.org) All Rights Reserved.
   WSO2 Inc. licenses this file to you under the Apache License,
   Version 2.0 (the "License"); you may not use this file except
   in compliance with the License.
   You may obtain a copy of the License at

   http://www.apache.org/licenses/LICENSE-2.0

   Unless required by applicable law or agreed to in writing,
   software distributed under the License is distributed on an
   "AS IS" BASIS, WITHOUT WARRANTIES OR CONDITIONS OF ANY
   KIND, either express or implied.  See the License for the
   specific language governing permissions and limitations
   under the License.
-->

<template xmlns="http://ws.apache.org/ns/synapse" name="getStatusesLookup">
    <parameter name="id" description="A comma separated list of tweet IDs, up to 100 are allowed in a single request."/>
    <parameter name="trimUser" description="When set to either true, t or 1, each tweet returned in a timeline will include a user object including only the status authors numerical ID. Omit this parameter to receive the complete user object."/>
    <parameter name="includeEntities" description="The entities node will be disincluded when set to false."/>
    <parameter name="map" description="When using the map parameter, tweets that do not exist or cannot be viewed by the current user will still have their key represented but with an explicitly null value paired with it."/>
    <sequence>
        <property name="uni.var.maxId" expression="$func:maxId" />
        <property name="uri.var.trimUser" expression="$func:trimUser" />
        <property name="uri.var.includeEntities" expression="$func:includeEntities" />
        <property name="uri.var.map" expression="$func:map" />

        <script language="js">
            <![CDATA[
				// the url param variables

			    var id  = mc.getProperty('uni.var.id');
			    var trimUser = mc.getProperty('uri.var.trimUser');
				var includeEntities  = mc.getProperty('uri.var.includeEntities');
			    var map  = mc.getProperty('uri.var.map');

				var uriParams = '';

                uriParams += 'id=' + id + '&';
                id = 'id=' + encodeURIComponent(id);
                mc.setProperty('uri.var.id', id)

				if (trimUser != null && trimUser != "") {
					uriParams += 'trim_user=' + trimUser + '&';
					trimUser = 'trim_user=' + encodeURIComponent(trimUser);
					mc.setProperty('uri.var.trimUser', trimUser)
				}
				if (includeEntities != null && includeEntities != "") {
					uriParams += 'include_entities=' + includeEntities + '&';
					includeEntities = 'include_entities=' + encodeURIComponent(includeEntities);
					mc.setProperty('uri.var.includeEntities', includeEntities)
				}
				if (map != null && map != "") {
					uriParams += 'map=' + map + '&';
					map = 'map=' + encodeURIComponent(map);
					mc.setProperty('uri.var.map', map)
				}

				if(uriParams != ''){
					mc.setProperty('uri.var.uriParams' , uriParams.substring(0, uriParams.length-1));
				}
			]]>
        </script>

        <property name="uri.var.apiUrl.final"
                  expression="fn:concat(get-property('uri.var.apiUrl'),'/1.1/statuses/lookup.json')"/>

        <property name="uri.var.httpMethod"
                  value="GET"/>

        <class name="org.wso2.carbon.connector.twitter.TwitterSignatureGeneration"/>

        <header name="Authorization" expression="get-property('uri.var.signature')"
                scope="transport"/>

        <call>
            <endpoint>
                <http method="get"
                      uri-template="legacy-encoding:{uri.var.apiUrl}/1.1/statuses/lookup.json?{uri.var.uriParams}"/>
            </endpoint>
        </call>

        <!-- Remove custom header information in response -->
        <header name="x-access-level" scope="transport" action="remove"/>
        <header name="x-twitter-response-tags" scope="transport" action="remove"/>
        <header name="x-transaction" scope="transport" action="remove"/>
        <header name="x-response-time" scope="transport" action="remove"/>
        <header name="x-connection-hash" scope="transport" action="remove"/>
        <header name="x-content-type-options" scope="transport" action="remove"/>
        <header name="x-frame-options" scope="transport" action="remove"/>
        <header name="x-rate-limit-limit" scope="transport" action="remove"/>
        <header name="x-rate-limit-remaining" scope="transport" action="remove"/>
        <header name="x-rate-limit-reset" scope="transport" action="remove"/>
        <header name="x-xss-protection" scope="transport" action="remove"/>

    </sequence>
</template>