<?xml version="1.0" encoding="UTF-8"?>
<!--
   Copyright (c) 2015, WSO2 Inc. (http://www.wso2.org) All Rights Reserved.
   WSO2 Inc. licenses this file to you under the Apache License,
   Version 2.0 (the "License"); you may not use this file except
   in compliance with the License.
   You may obtain a copy of the License at

   http://www.apache.org/licenses/LICENSE-2.0

   Unless required by applicable law or agreed to in writing,
   software distributed under the License is distributed on an
   "AS IS" BASIS, WITHOUT WARRANTIES OR CONDITIONS OF ANY
   KIND, either express or implied.  See the License for the
   specific language governing permissions and limitations
   under the License.
-->

<component name="twitter-help" type="synapse/template">
    <subComponents>
        <component name="getHelpConfiguration">
            <file>getHelpConfiguration.xml</file>
            <description>Returns the current configuration used by Twitter including twitter.com slugs which are not
                usernames, maximum photo resolutions, and t.co URL lengths.
                It is recommended applications request this endpoint when they are loaded, but no more than once a day.
            </description>
        </component>
        <component name="getHelpLanguages">
            <file>getHelpLanguages.xml</file>
            <description>Returns the list of languages supported by Twitter along with the language code supported by
                Twitter.
                The language code may be formatted as ISO 639-1 alpha-2 (en), ISO 639-3 alpha-3 (msa), or ISO 639-1
                alpha-2 combined with an ISO 3166-1 alpha-2 localization (zh-tw).
            </description>
        </component>
        <component name="getHelpPrivacy">
            <file>getHelpPrivacy.xml</file>
            <description>Returns Twitter’s Privacy Policy.</description>
        </component>
        <component name="getHelpTos">
            <file>getHelpTos.xml</file>
            <description>Returns the Twitter Terms of Service. Note: these are not the same as the Developer Policy.
            </description>
        </component>
        <component name="getApplicationRateLimitStatus">
            <file>getApplicationRateLimitStatus.xml</file>
            <description>Returns the current rate limits for methods belonging to the specified resource families.
            </description>
        </component>
    </subComponents>
</component>
