<?xml version="1.0" encoding="UTF-8"?>
<!--
   Copyright (c) 2015, WSO2 Inc. (http://www.wso2.org) All Rights Reserved.
   WSO2 Inc. licenses this file to you under the Apache License,
   Version 2.0 (the "License"); you may not use this file except
   in compliance with the License.
   You may obtain a copy of the License at

   http://www.apache.org/licenses/LICENSE-2.0

   Unless required by applicable law or agreed to in writing,
   software distributed under the License is distributed on an
   "AS IS" BASIS, WITHOUT WARRANTIES OR CONDITIONS OF ANY
   KIND, either express or implied.  See the License for the
   specific language governing permissions and limitations
   under the License.
-->

<component name="twitter-directMessages" type="synapse/template">
	<subComponents>
		<component name="getDirectMessages">
			<file>getDirectMessages.xml</file>
			<description>Returns the 20 most recent direct messages sent to the authenticating user</description>
		</component>
		<component name="getSentDirectMessages">
			<file>getSentDirectMessages.xml</file>
			<description>Returns the 20 most recent direct messages sent by the authenticating user</description>
		</component>
		<component name="sendNewDirectMessages">
			<file>sendNewDirectMessages.xml</file>
			<description>Sends a new direct message to the specified user from the authenticating user. </description>
		</component>
	</subComponents>
</component>
