<?xml version="1.0" encoding="UTF-8"?>
<!--
   Copyright (c) 2015, WSO2 Inc. (http://www.wso2.org) All Rights Reserved.
   WSO2 Inc. licenses this file to you under the Apache License,
   Version 2.0 (the "License"); you may not use this file except
   in compliance with the License.
   You may obtain a copy of the License at

   http://www.apache.org/licenses/LICENSE-2.0

   Unless required by applicable law or agreed to in writing,
   software distributed under the License is distributed on an
   "AS IS" BASIS, WITHOUT WARRANTIES OR CONDITIONS OF ANY
   KIND, either express or implied.  See the License for the
   specific language governing permissions and limitations
   under the License.
-->

<template xmlns="http://ws.apache.org/ns/synapse" name="getSentDirectMessages">
    <parameter name="sinceID" description="The ID of the user for whom to return results for." />
    <parameter name="maxID" description="The screen name of the user for whom to return results for."/>
    <parameter name="count" description="The response from the API will include a previous_cursor and next_cursor to allow paging back and forth"/>
    <parameter name="page" description="Many programming environments will not consume our Tweet ids due to their size. Provide this option to have ids returned as strings instead"/>
    <parameter name="includeEntities" description="The number of users to return per page, up to a maximum of 200. Defaults to 20." />
    <sequence>

        <class name="org.wso2.carbon.connector.twitter.RemoveTwitterContext"/>

        <property name="uri.var.sinceID" expression="$func:sinceID" />
        <property name="uri.var.maxID" expression="$func:maxID" />
        <property name="uri.var.count" expression="$func:count" />
        <property name="uri.var.page" expression="$func:page" />
        <property name="uni.var.includeEntities" expression="$func:includeEntities" />

        <script language="js">
            <![CDATA[
				// optional url param variables
				var sinceID = mc.getProperty('uri.var.sinceID');
				var maxID = mc.getProperty('uri.var.maxID');
				var count  = mc.getProperty('uni.var.count');
			    var page  = mc.getProperty('uri.var.page');
			    var includeEntities  = mc.getProperty('uni.var.includeEntities');

				var uriParams = '';

				if (sinceID != null && sinceID != "") {
					uriParams = 'since_id=' + sinceID + '&';
					sinceID = 'since_id=' + encodeURIComponent(sinceID);
					mc.setProperty('uri.var.sinceID', sinceID)
				}
				if (maxID != null && maxID != "") {
					uriParams += 'max_id=' + maxID + '&';
					maxID = 'max_id=' + encodeURIComponent(maxID);
					mc.setProperty('uri.var.count', maxID)
				}
				if (count != null && count != "") {
					uriParams += 'count=' + count + '&';
					count = 'count=' + encodeURIComponent(count);
					mc.setProperty('uri.var.count', count)
				}
				if (page != null && page != "") {
					uriParams += 'page=' + page + '&';
					page = 'page=' + encodeURIComponent(page);
					mc.setProperty('uri.var.page', page)
				}
				if (includeEntities != null && includeEntities != "") {
					uriParams += 'include_entities=' + includeEntities + '&';
					includeEntities = 'include_entities=' + encodeURIComponent(includeEntities);
					mc.setProperty('uri.var.includeEntities', includeEntities)
				}

				if(uriParams != ''){
					mc.setProperty('uri.var.uriParams' , uriParams.substring(0, uriParams.length-1));
				}
			]]>
        </script>


        <property name="uri.var.apiUrl.final"
                  expression="fn:concat(get-property('uri.var.apiUrl'),'/1.1/direct_messages/sent.json')"/>

        <property name="uri.var.httpMethod"
                  value="GET"/>

        <class name="org.wso2.carbon.connector.twitter.TwitterSignatureGeneration"/>

        <header name="Authorization" expression="get-property('uri.var.signature')"
                scope="transport"/>

        <call>
            <endpoint>
                <http method="get"
                      uri-template="legacy-encoding:{uri.var.apiUrl}/1.1/direct_messages/sent.json?{uri.var.uriParams}"/>
            </endpoint>
        </call>

        <!-- Remove custom header information in response -->
        <header name="x-access-level" scope="transport" action="remove"/>
        <header name="x-twitter-response-tags" scope="transport" action="remove"/>
        <header name="x-transaction" scope="transport" action="remove"/>
        <header name="x-response-time" scope="transport" action="remove"/>
        <header name="x-connection-hash" scope="transport" action="remove"/>
        <header name="x-content-type-options" scope="transport" action="remove"/>
        <header name="x-frame-options" scope="transport" action="remove"/>
        <header name="x-rate-limit-limit" scope="transport" action="remove"/>
        <header name="x-rate-limit-remaining" scope="transport" action="remove"/>
        <header name="x-rate-limit-reset" scope="transport" action="remove"/>
        <header name="x-xss-protection" scope="transport" action="remove"/>

    </sequence>
</template>