<?xml version="1.0" encoding="UTF-8"?>
<connector>
	<component name="twitter" package="org.wso2.carbon.connectors">
		<dependency component="twitter_config" />
		<dependency component="twitter_friends_followers" />
		<dependency component="twitter-account"/>
    	<dependency component="twitter-blocks"/>
		<dependency component="twitter-directMessages"/>
		<dependency component="twitter-favorites"/>
		<dependency component="twitter-help"/>
		<dependency component="twitter-lists"/>
		<dependency component="twitter-search"/>
		<dependency component="twitter-statuses"/>
		<dependency component="twitter-trends"/>
		<dependency component="twitter-users"/>
		<description>synapse library for twitter connector</description>
	</component>
	<icon>icon/icon-twitter-small.png</icon>
</connector>
