<?xml version="1.0" encoding="UTF-8"?>
<!--
   Copyright (c) 2015, WSO2 Inc. (http://www.wso2.org) All Rights Reserved.
   WSO2 Inc. licenses this file to you under the Apache License,
   Version 2.0 (the "License"); you may not use this file except
   in compliance with the License.
   You may obtain a copy of the License at

   http://www.apache.org/licenses/LICENSE-2.0

   Unless required by applicable law or agreed to in writing,
   software distributed under the License is distributed on an
   "AS IS" BASIS, WITHOUT WARRANTIES OR CONDITIONS OF ANY
   KIND, either express or implied.  See the License for the
   specific language governing permissions and limitations
   under the License.
-->

<template xmlns="http://ws.apache.org/ns/synapse" name="getBlockIds">
    <parameter name="stringifyIds" description="Many programming environments will not consume our ids due to their size.
        Provide this option to have ids returned as strings instead"/>
    <parameter name="cursor" description="Causes the list of IDs to be broken into pages of no more than 5000 IDs at a time.
        The number of IDs returned is not guaranteed to be 5000 as suspended users are filtered out after connections are queried.
        If no cursor is provided, a value of -1 will be assumed."/>
    <sequence>

        <class name="org.wso2.carbon.connector.twitter.RemoveTwitterContext"/>

        <property name="uri.var.stringifyIds" expression="$func:stringifyIds"/>
        <property name="uri.var.cursor" expression="$func:cursor"/>

        <script language="js">
            <![CDATA[
				// optional url param variables
				var stringifyIds = mc.getProperty('uri.var.stringifyIds');
				var cursor = mc.getProperty('uri.var.cursor');

				var uriParams = '';

				if (stringifyIds != null && stringifyIds != "") {
					uriParams = 'stringify_ids=' + stringifyIds + '&';
					stringifyIds = 'stringify_ids=' + encodeURIComponent(stringifyIds);
					mc.setProperty('uri.var.stringifyIds', stringifyIds)
				}
				if (cursor != null && cursor != "") {
					uriParams += 'cursor=' + cursor + '&';
					cursor = 'cursor=' + encodeURIComponent(cursor);
					mc.setProperty('uri.var.cursor', cursor)
				}

				if(uriParams != ''){
					mc.setProperty('uri.var.uriParams' , uriParams.substring(0, uriParams.length-1));
				}
			]]>
        </script>

        <property name="uri.var.apiUrl.final"
                  expression="fn:concat(get-property('uri.var.apiUrl'),'/1.1/blocks/ids.json')"/>

        <property name="uri.var.httpMethod"
                  value="GET"/>

        <class name="org.wso2.carbon.connector.twitter.TwitterSignatureGeneration"/>

        <header name="Authorization" expression="get-property('uri.var.signature')"
                scope="transport"/>

        <call>
            <endpoint>
                <http method="get"
                      uri-template="legacy-encoding:{uri.var.apiUrl}/1.1/blocks/ids.json?{uri.var.uriParams}"/>
            </endpoint>
        </call>

        <!-- Remove custom header information in response -->
        <header name="x-access-level" scope="transport" action="remove"/>
        <header name="x-twitter-response-tags" scope="transport" action="remove"/>
        <header name="x-transaction" scope="transport" action="remove"/>
        <header name="x-response-time" scope="transport" action="remove"/>
        <header name="x-connection-hash" scope="transport" action="remove"/>
        <header name="x-content-type-options" scope="transport" action="remove"/>
        <header name="x-frame-options" scope="transport" action="remove"/>
        <header name="x-rate-limit-limit" scope="transport" action="remove"/>
        <header name="x-rate-limit-remaining" scope="transport" action="remove"/>
        <header name="x-rate-limit-reset" scope="transport" action="remove"/>
        <header name="x-xss-protection" scope="transport" action="remove"/>

    </sequence>
</template>